Workbook

Sheet Table 40-1
D2: Sdn[6:8] | T2: Code
A3: Original Text | B3: Condition | C3: Sdn[5:0] | D3: 000 | H3: 010 | L3: 100 | P3: 110
A4: Normal 000000 0, 0, 0, 0 0, 0,+1,+1 0,+1,+1, 0 0,+1, 0,+1 | B4: Normal | C4: 000000 | D4: 0 | E4: 0 | F4: 0 | G4: 0 | H4: 0 | I4: 0 | J4: +1 | K4: +1 | L4: 0 | M4: +1 | N4: +1 | O4: 0 | P4: 0 | Q4: +1 | R4: 0 | S4: +1 | T4: {="9'b"& _xlfn.XLOOKUP(--TRIM(D$3),--Mapping!$D$2:$D$5,Mapping!$E$2:$E$5) & "_" & $C4 & ": return " & "{" & _xlfn.TEXTJOIN(", ", TRUE, _xlfn.XLOOKUP(--TRIM(D4:G4), --Mapping!$A$2:$A$6, Mapping!$B$2:$B$6)) & "}" & "; // " & D4 & ", " & E4 & ", " & F4 & ", " & G4} -> 9'b000_000000: return {3'b000, 3'b000, 3'b000, 3'b000}; // 0, 0, 0, 0 | U4: {="9'b"& _xlfn.XLOOKUP(--TRIM(H$3),--Mapping!$D$2:$D$5,Mapping!$E$2:$E$5) & "_" & $C4 & ": return " & "{" & _xlfn.TEXTJOIN(", ", TRUE, _xlfn.XLOOKUP(--TRIM(H4:K4), --Mapping!$A$2:$A$6, Mapping!$B$2:$B$6)) & "}" & "; // " & H4 & ", " & I4 & ", " & J4 & ", " & K4} -> 9'b010_000000: return {3'b000, 3'b000, 3'b001, 3'b001}; // 0, 0, +1, +1 | V4: {="9'b"& _xlfn.XLOOKUP(--TRIM(L$3),--Mapping!$D$2:$D$5,Mapping!$E$2:$E$5) & "_" & $C4 & ": return " & "{" & _xlfn.TEXTJOIN(", ", TRUE, _xlfn.XLOOKUP(--TRIM(L4:O4), --Mapping!$A$2:$A$6, Mapping!$B$2:$B$6)) & "}" & "; // " & L4 & ", " & M4 & ", " & N4 & ", " & O4} -> 9'b001_000000: return {3'b000, 3'b001, 3'b001, 3'b000}; // 0, +1, +1, 0 | W4: {="9'b"& _xlfn.XLOOKUP(--TRIM(P$3),--Mapping!$D$2:$D$5,Mapping!$E$2:$E$5) & "_" & $C4 & ": return " & "{" & _xlfn.TEXTJOIN(", ", TRUE, _xlfn.XLOOKUP(--TRIM(P4:S4), --Mapping!$A$2:$A$6, Mapping!$B$2:$B$6)) & "}" & "; // " & P4 & ", " & Q4 & ", " & R4 & ", " & S4} -> 9'b011_000000: return {3'b000, 3'b001, 3'b000, 3'b001}; // 0, +1, 0, +1
A5: Normal 000001 -2, 0, 0, 0 -2, 0,+1,+1 -2,+1,+1, 0 -2,+1, 0,+1 | B5: Normal | C5: 000001 | D5: -2 | E5: 0 | F5: 0 | G5: 0 | H5: -2 | I5: 0 | J5: +1 | K5: +1 | L5: -2 | M5: +1 | N5: +1 | O5: 0 | P5: -2 | Q5: +1 | R5: 0 | S5: +1 | T5: {="9'b"& _xlfn.XLOOKUP(--TRIM(D$3),--Mapping!$D$2:$D$5,Mapping!$E$2:$E$5) & "_" & $C5 & ": return " & "{" & _xlfn.TEXTJOIN(", ", TRUE, _xlfn.XLOOKUP(--TRIM(D5:G5), --Mapping!$A$2:$A$6, Mapping!$B$2:$B$6)) & "}" & "; // " & D5 & ", " & E5 & ", " & F5 & ", " & G5} -> 9'b000_000001: return {3'b110, 3'b000, 3'b000, 3'b000}; // -2, 0, 0, 0 | U5: {="9'b"& _xlfn.XLOOKUP(--TRIM(H$3),--Mapping!$D$2:$D$5,Mapping!$E$2:$E$5) & "_" & $C5 & ": return " & "{" & _xlfn.TEXTJOIN(", ", TRUE, _xlfn.XLOOKUP(--TRIM(H5:K5), --Mapping!$A$2:$A$6, Mapping!$B$2:$B$6)) & "}" & "; // " & H5 & ", " & I5 & ", " & J5 & ", " & K5} -> 9'b010_000001: return {3'b110, 3'b000, 3'b001, 3'b001}; // -2, 0, +1, +1 | V5: {="9'b"& _xlfn.XLOOKUP(--TRIM(L$3),--Mapping!$D$2:$D$5,Mapping!$E$2:$E$5) & "_" & $C5 & ": return " & "{" & _xlfn.TEXTJOIN(", ", TRUE, _xlfn.XLOOKUP(--TRIM(L5:O5), --Mapping!$A$2:$A$6, Mapping!$B$2:$B$6)) & "}" & "; // " & L5 & ", " & M5 & ", " & N5 & ", " & O5} -> 9'b001_000001: return {3'b110, 3'b001, 3'b001, 3'b000}; // -2, +1, +1, 0 | W5: {="9'b"& _xlfn.XLOOKUP(--TRIM(P$3),--Mapping!$D$2:$D$5,Mapping!$E$2:$E$5) & "_" & $C5 & ": return " & "{" & _xlfn.TEXTJOIN(", ", TRUE, _xlfn.XLOOKUP(--TRIM(P5:S5), --Mapping!$A$2:$A$6, Mapping!$B$2:$B$6)) & "}" & "; // " & P5 & ", " & Q5 & ", " & R5 & ", " & S5} -> 9'b011_000001: return {3'b110, 3'b001, 3'b000, 3'b001}; // -2, +1, 0, +1
A6: Normal 000010 0,-2, 0, 0 0,-2,+1,+1 0,-1,+1, 0 0,-1, 0,+1 | B6: Normal | C6: 000010 | D6: 0 | E6: -2 | F6: 0 | G6: 0 | H6: 0 | I6: -2 | J6: +1 | K6: +1 | L6: 0 | M6: -1 | N6: +1 | O6: 0 | P6: 0 | Q6: -1 | R6: 0 | S6: +1 | T6: {="9'b"& _xlfn.XLOOKUP(--TRIM(D$3),--Mapping!$D$2:$D$5,Mapping!$E$2:$E$5) & "_" & $C6 & ": return " & "{" & _xlfn.TEXTJOIN(", ", TRUE, _xlfn.XLOOKUP(--TRIM(D6:G6), --Mapping!$A$2:$A$6, Mapping!$B$2:$B$6)) & "}" & "; // " & D6 & ", " & E6 & ", " & F6 & ", " & G6} -> 9'b000_000010: return {3'b000, 3'b110, 3'b000, 3'b000}; // 0, -2, 0, 0 | U6: {="9'b"& _xlfn.XLOOKUP(--TRIM(H$3),--Mapping!$D$2:$D$5,Mapping!$E$2:$E$5) & "_" & $C6 & ": return " & "{" & _xlfn.TEXTJOIN(", ", TRUE, _xlfn.XLOOKUP(--TRIM(H6:K6), --Mapping!$A$2:$A$6, Mapping!$B$2:$B$6)) & "}" & "; // " & H6 & ", " & I6 & ", " & J6 & ", " & K6} -> 9'b010_000010: return {3'b000, 3'b110, 3'b001, 3'b001}; // 0, -2, +1, +1 | V6: {="9'b"& _xlfn.XLOOKUP(--TRIM(L$3),--Mapping!$D$2:$D$5,Mapping!$E$2:$E$5) & "_" & $C6 & ": return " & "{" & _xlfn.TEXTJOIN(", ", TRUE, _xlfn.XLOOKUP(--TRIM(L6:O6), --Mapping!$A$2:$A$6, Mapping!$B$2:$B$6)) & "}" & "; // " & L6 & ", " & M6 & ", " & N6 & ", " & O6} -> 9'b001_000010: return {3'b000, 3'b111, 3'b001, 3'b000}; // 0, -1, +1, 0 | W6: {="9'b"& _xlfn.XLOOKUP(--TRIM(P$3),--Mapping!$D$2:$D$5,Mapping!$E$2:$E$5) & "_" & $C6 & ": return " & "{" & _xlfn.TEXTJOIN(", ", TRUE, _xlfn.XLOOKUP(--TRIM(P6:S6), --Mapping!$A$2:$A$6, Mapping!$B$2:$B$6)) & "}" & "; // " & P6 & ", " & Q6 & ", " & R6 & ", " & S6} -> 9'b011_000010: return {3'b000, 3'b111, 3'b000, 3'b001}; // 0, -1, 0, +1
A7: Normal 000011 -2,-2, 0, 0 -2,-2,+1,+1 -2,-1,+1, 0 -2,-1, 0,+1 | B7: Normal | C7: 000011 | D7: -2 | E7: -2 | F7: 0 | G7: 0 | H7: -2 | I7: -2 | J7: +1 | K7: +1 | L7: -2 | M7: -1 | N7: +1 | O7: 0 | P7: -2 | Q7: -1 | R7: 0 | S7: +1 | T7: {="9'b"& _xlfn.XLOOKUP(--TRIM(D$3),--Mapping!$D$2:$D$5,Mapping!$E$2:$E$5) & "_" & $C7 & ": return " & "{" & _xlfn.TEXTJOIN(", ", TRUE, _xlfn.XLOOKUP(--TRIM(D7:G7), --Mapping!$A$2:$A$6, Mapping!$B$2:$B$6)) & "}" & "; // " & D7 & ", " & E7 & ", " & F7 & ", " & G7} -> 9'b000_000011: return {3'b110, 3'b110, 3'b000, 3'b000}; // -2, -2, 0, 0 | U7: {="9'b"& _xlfn.XLOOKUP(--TRIM(H$3),--Mapping!$D$2:$D$5,Mapping!$E$2:$E$5) & "_" & $C7 & ": return " & "{" & _xlfn.TEXTJOIN(", ", TRUE, _xlfn.XLOOKUP(--TRIM(H7:K7), --Mapping!$A$2:$A$6, Mapping!$B$2:$B$6)) & "}" & "; // " & H7 & ", " & I7 & ", " & J7 & ", " & K7} -> 9'b010_000011: return {3'b110, 3'b110, 3'b001, 3'b001}; // -2, -2, +1, +1 | V7: {="9'b"& _xlfn.XLOOKUP(--TRIM(L$3),--Mapping!$D$2:$D$5,Mapping!$E$2:$E$5) & "_" & $C7 & ": return " & "{" & _xlfn.TEXTJOIN(", ", TRUE, _xlfn.XLOOKUP(--TRIM(L7:O7), --Mapping!$A$2:$A$6, Mapping!$B$2:$B$6)) & "}" & "; // " & L7 & ", " & M7 & ", " & N7 & ", " & O7} -> 9'b001_000011: return {3'b110, 3'b111, 3'b001, 3'b000}; // -2, -1, +1, 0 | W7: {="9'b"& _xlfn.XLOOKUP(--TRIM(P$3),--Mapping!$D$2:$D$5,Mapping!$E$2:$E$5) & "_" & $C7 & ": return " & "{" & _xlfn.TEXTJOIN(", ", TRUE, _xlfn.XLOOKUP(--TRIM(P7:S7), --Mapping!$A$2:$A$6, Mapping!$B$2:$B$6)) & "}" & "; // " & P7 & ", " & Q7 & ", " & R7 & ", " & S7} -> 9'b011_000011: return {3'b110, 3'b111, 3'b000, 3'b001}; // -2, -1, 0, +1
A8: Normal 000100 0, 0,-2, 0 0, 0,-1,+1 0,+1,-1, 0 0,+1,-2,+1 | B8: Normal | C8: 000100 | D8: 0 | E8: 0 | F8: -2 | G8: 0 | H8: 0 | I8: 0 | J8: -1 | K8: +1 | L8: 0 | M8: +1 | N8: -1 | O8: 0 | P8: 0 | Q8: +1 | R8: -2 | S8: +1 | T8: {="9'b"& _xlfn.XLOOKUP(--TRIM(D$3),--Mapping!$D$2:$D$5,Mapping!$E$2:$E$5) & "_" & $C8 & ": return " & "{" & _xlfn.TEXTJOIN(", ", TRUE, _xlfn.XLOOKUP(--TRIM(D8:G8), --Mapping!$A$2:$A$6, Mapping!$B$2:$B$6)) & "}" & "; // " & D8 & ", " & E8 & ", " & F8 & ", " & G8} -> 9'b000_000100: return {3'b000, 3'b000, 3'b110, 3'b000}; // 0, 0, -2, 0 | U8: {="9'b"& _xlfn.XLOOKUP(--TRIM(H$3),--Mapping!$D$2:$D$5,Mapping!$E$2:$E$5) & "_" & $C8 & ": return " & "{" & _xlfn.TEXTJOIN(", ", TRUE, _xlfn.XLOOKUP(--TRIM(H8:K8), --Mapping!$A$2:$A$6, Mapping!$B$2:$B$6)) & "}" & "; // " & H8 & ", " & I8 & ", " & J8 & ", " & K8} -> 9'b010_000100: return {3'b000, 3'b000, 3'b111, 3'b001}; // 0, 0, -1, +1 | V8: {="9'b"& _xlfn.XLOOKUP(--TRIM(L$3),--Mapping!$D$2:$D$5,Mapping!$E$2:$E$5) & "_" & $C8 & ": return " & "{" & _xlfn.TEXTJOIN(", ", TRUE, _xlfn.XLOOKUP(--TRIM(L8:O8), --Mapping!$A$2:$A$6, Mapping!$B$2:$B$6)) & "}" & "; // " & L8 & ", " & M8 & ", " & N8 & ", " & O8} -> 9'b001_000100: return {3'b000, 3'b001, 3'b111, 3'b000}; // 0, +1, -1, 0 | W8: {="9'b"& _xlfn.XLOOKUP(--TRIM(P$3),--Mapping!$D$2:$D$5,Mapping!$E$2:$E$5) & "_" & $C8 & ": return " & "{" & _xlfn.TEXTJOIN(", ", TRUE, _xlfn.XLOOKUP(--TRIM(P8:S8), --Mapping!$A$2:$A$6, Mapping!$B$2:$B$6)) & "}" & "; // " & P8 & ", " & Q8 & ", " & R8 & ", " & S8} -> 9'b011_000100: return {3'b000, 3'b001, 3'b110, 3'b001}; // 0, +1, -2, +1
A9: Normal 000101 -2, 0,-2, 0 -2, 0,-1,+1 -2,+1,-1, 0 -2,+1,-2,+1 | B9: Normal | C9: 000101 | D9: -2 | E9: 0 | F9: -2 | G9: 0 | H9: -2 | I9: 0 | J9: -1 | K9: +1 | L9: -2 | M9: +1 | N9: -1 | O9: 0 | P9: -2 | Q9: +1 | R9: -2 | S9: +1 | T9: {="9'b"& _xlfn.XLOOKUP(--TRIM(D$3),--Mapping!$D$2:$D$5,Mapping!$E$2:$E$5) & "_" & $C9 & ": return " & "{" & _xlfn.TEXTJOIN(", ", TRUE, _xlfn.XLOOKUP(--TRIM(D9:G9), --Mapping!$A$2:$A$6, Mapping!$B$2:$B$6)) & "}" & "; // " & D9 & ", " & E9 & ", " & F9 & ", " & G9} -> 9'b000_000101: return {3'b110, 3'b000, 3'b110, 3'b000}; // -2, 0, -2, 0 | U9: {="9'b"& _xlfn.XLOOKUP(--TRIM(H$3),--Mapping!$D$2:$D$5,Mapping!$E$2:$E$5) & "_" & $C9 & ": return " & "{" & _xlfn.TEXTJOIN(", ", TRUE, _xlfn.XLOOKUP(--TRIM(H9:K9), --Mapping!$A$2:$A$6, Mapping!$B$2:$B$6)) & "}" & "; // " & H9 & ", " & I9 & ", " & J9 & ", " & K9} -> 9'b010_000101: return {3'b110, 3'b000, 3'b111, 3'b001}; // -2, 0, -1, +1 | V9: {="9'b"& _xlfn.XLOOKUP(--TRIM(L$3),--Mapping!$D$2:$D$5,Mapping!$E$2:$E$5) & "_" & $C9 & ": return " & "{" & _xlfn.TEXTJOIN(", ", TRUE, _xlfn.XLOOKUP(--TRIM(L9:O9), --Mapping!$A$2:$A$6, Mapping!$B$2:$B$6)) & "}" & "; // " & L9 & ", " & M9 & ", " & N9 & ", " & O9} -> 9'b001_000101: return {3'b110, 3'b001, 3'b111, 3'b000}; // -2, +1, -1, 0 | W9: {="9'b"& _xlfn.XLOOKUP(--TRIM(P$3),--Mapping!$D$2:$D$5,Mapping!$E$2:$E$5) & "_" & $C9 & ": return " & "{" & _xlfn.TEXTJOIN(", ", TRUE, _xlfn.XLOOKUP(--TRIM(P9:S9), --Mapping!$A$2:$A$6, Mapping!$B$2:$B$6)) & "}" & "; // " & P9 & ", " & Q9 & ", " & R9 & ", " & S9} -> 9'b011_000101: return {3'b110, 3'b001, 3'b110, 3'b001}; // -2, +1, -2, +1
A10: Normal 000110 0,-2,-2, 0 0,-2,-1,+1 0,-1,-1, 0 0,-1,-2,+1 | B10: Normal | C10: 000110 | D10: 0 | E10: -2 | F10: -2 | G10: 0 | H10: 0 | I10: -2 | J10: -1 | K10: +1 | L10: 0 | M10: -1 | N10: -1 | O10: 0 | P10: 0 | Q10: -1 | R10: -2 | S10: +1 | T10: {="9'b"& _xlfn.XLOOKUP(--TRIM(D$3),--Mapping!$D$2:$D$5,Mapping!$E$2:$E$5) & "_" & $C10 & ": return " & "{" & _xlfn.TEXTJOIN(", ", TRUE, _xlfn.XLOOKUP(--TRIM(D10:G10), --Mapping!$A$2:$A$6, Mapping!$B$2:$B$6)) & "}" & "; // " & D10 & ", " & E10 & ", " & F10 & ", " & G10} -> 9'b000_000110: return {3'b000, 3'b110, 3'b110, 3'b000}; // 0, -2, -2, 0 | U10: {="9'b"& _xlfn.XLOOKUP(--TRIM(H$3),--Mapping!$D$2:$D$5,Mapping!$E$2:$E$5) & "_" & $C10 & ": return " & "{" & _xlfn.TEXTJOIN(", ", TRUE, _xlfn.XLOOKUP(--TRIM(H10:K10), --Mapping!$A$2:$A$6, Mapping!$B$2:$B$6)) & "}" & "; // " & H10 & ", " & I10 & ", " & J10 & ", " & K10} -> 9'b010_000110: return {3'b000, 3'b110, 3'b111, 3'b001}; // 0, -2, -1, +1 | V10: {="9'b"& _xlfn.XLOOKUP(--TRIM(L$3),--Mapping!$D$2:$D$5,Mapping!$E$2:$E$5) & "_" & $C10 & ": return " & "{" & _xlfn.TEXTJOIN(", ", TRUE, _xlfn.XLOOKUP(--TRIM(L10:O10), --Mapping!$A$2:$A$6, Mapping!$B$2:$B$6)) & "}" & "; // " & L10 & ", " & M10 & ", " & N10 & ", " & O10} -> 9'b001_000110: return {3'b000, 3'b111, 3'b111, 3'b000}; // 0, -1, -1, 0 | W10: {="9'b"& _xlfn.XLOOKUP(--TRIM(P$3),--Mapping!$D$2:$D$5,Mapping!$E$2:$E$5) & "_" & $C10 & ": return " & "{" & _xlfn.TEXTJOIN(", ", TRUE, _xlfn.XLOOKUP(--TRIM(P10:S10), --Mapping!$A$2:$A$6, Mapping!$B$2:$B$6)) & "}" & "; // " & P10 & ", " & Q10 & ", " & R10 & ", " & S10} -> 9'b011_000110: return {3'b000, 3'b111, 3'b110, 3'b001}; // 0, -1, -2, +1
A11: Normal 000111 -2,-2,-2, 0 -2,-2,-1,+1 -2,-1,-1, 0 -2,-1,-2,+1 | B11: Normal | C11: 000111 | D11: -2 | E11: -2 | F11: -2 | G11: 0 | H11: -2 | I11: -2 | J11: -1 | K11: +1 | L11: -2 | M11: -1 | N11: -1 | O11: 0 | P11: -2 | Q11: -1 | R11: -2 | S11: +1 | T11: {="9'b"& _xlfn.XLOOKUP(--TRIM(D$3),--Mapping!$D$2:$D$5,Mapping!$E$2:$E$5) & "_" & $C11 & ": return " & "{" & _xlfn.TEXTJOIN(", ", TRUE, _xlfn.XLOOKUP(--TRIM(D11:G11), --Mapping!$A$2:$A$6, Mapping!$B$2:$B$6)) & "}" & "; // " & D11 & ", " & E11 & ", " & F11 & ", " & G11} -> 9'b000_000111: return {3'b110, 3'b110, 3'b110, 3'b000}; // -2, -2, -2, 0 | U11: {="9'b"& _xlfn.XLOOKUP(--TRIM(H$3),--Mapping!$D$2:$D$5,Mapping!$E$2:$E$5) & "_" & $C11 & ": return " & "{" & _xlfn.TEXTJOIN(", ", TRUE, _xlfn.XLOOKUP(--TRIM(H11:K11), --Mapping!$A$2:$A$6, Mapping!$B$2:$B$6)) & "}" & "; // " & H11 & ", " & I11 & ", " & J11 & ", " & K11} -> 9'b010_000111: return {3'b110, 3'b110, 3'b111, 3'b001}; // -2, -2, -1, +1 | V11: {="9'b"& _xlfn.XLOOKUP(--TRIM(L$3),--Mapping!$D$2:$D$5,Mapping!$E$2:$E$5) & "_" & $C11 & ": return " & "{" & _xlfn.TEXTJOIN(", ", TRUE, _xlfn.XLOOKUP(--TRIM(L11:O11), --Mapping!$A$2:$A$6, Mapping!$B$2:$B$6)) & "}" & "; // " & L11 & ", " & M11 & ", " & N11 & ", " & O11} -> 9'b001_000111: return {3'b110, 3'b111, 3'b111, 3'b000}; // -2, -1, -1, 0 | W11: {="9'b"& _xlfn.XLOOKUP(--TRIM(P$3),--Mapping!$D$2:$D$5,Mapping!$E$2:$E$5) & "_" & $C11 & ": return " & "{" & _xlfn.TEXTJOIN(", ", TRUE, _xlfn.XLOOKUP(--TRIM(P11:S11), --Mapping!$A$2:$A$6, Mapping!$B$2:$B$6)) & "}" & "; // " & P11 & ", " & Q11 & ", " & R11 & ", " & S11} -> 9'b011_000111: return {3'b110, 3'b111, 3'b110, 3'b001}; // -2, -1, -2, +1
A12: Normal 001000 0, 0, 0,-2 0, 0,+1,-1 0,+1,+1,-2 0,+1, 0,-1 | B12: Normal | C12: 001000 | D12: 0 | E12: 0 | F12: 0 | G12: -2 | H12: 0 | I12: 0 | J12: +1 | K12: -1 | L12: 0 | M12: +1 | N12: +1 | O12: -2 | P12: 0 | Q12: +1 | R12: 0 | S12: -1 | T12: {="9'b"& _xlfn.XLOOKUP(--TRIM(D$3),--Mapping!$D$2:$D$5,Mapping!$E$2:$E$5) & "_" & $C12 & ": return " & "{" & _xlfn.TEXTJOIN(", ", TRUE, _xlfn.XLOOKUP(--TRIM(D12:G12), --Mapping!$A$2:$A$6, Mapping!$B$2:$B$6)) & "}" & "; // " & D12 & ", " & E12 & ", " & F12 & ", " & G12} -> 9'b000_001000: return {3'b000, 3'b000, 3'b000, 3'b110}; // 0, 0, 0, -2 | U12: {="9'b"& _xlfn.XLOOKUP(--TRIM(H$3),--Mapping!$D$2:$D$5,Mapping!$E$2:$E$5) & "_" & $C12 & ": return " & "{" & _xlfn.TEXTJOIN(", ", TRUE, _xlfn.XLOOKUP(--TRIM(H12:K12), --Mapping!$A$2:$A$6, Mapping!$B$2:$B$6)) & "}" & "; // " & H12 & ", " & I12 & ", " & J12 & ", " & K12} -> 9'b010_001000: return {3'b000, 3'b000, 3'b001, 3'b111}; // 0, 0, +1, -1 | V12: {="9'b"& _xlfn.XLOOKUP(--TRIM(L$3),--Mapping!$D$2:$D$5,Mapping!$E$2:$E$5) & "_" & $C12 & ": return " & "{" & _xlfn.TEXTJOIN(", ", TRUE, _xlfn.XLOOKUP(--TRIM(L12:O12), --Mapping!$A$2:$A$6, Mapping!$B$2:$B$6)) & "}" & "; // " & L12 & ", " & M12 & ", " & N12 & ", " & O12} -> 9'b001_001000: return {3'b000, 3'b001, 3'b001, 3'b110}; // 0, +1, +1, -2 | W12: {="9'b"& _xlfn.XLOOKUP(--TRIM(P$3),--Mapping!$D$2:$D$5,Mapping!$E$2:$E$5) & "_" & $C12 & ": return " & "{" & _xlfn.TEXTJOIN(", ", TRUE, _xlfn.XLOOKUP(--TRIM(P12:S12), --Mapping!$A$2:$A$6, Mapping!$B$2:$B$6)) & "}" & "; // " & P12 & ", " & Q12 & ", " & R12 & ", " & S12} -> 9'b011_001000: return {3'b000, 3'b001, 3'b000, 3'b111}; // 0, +1, 0, -1
A13: Normal 001001 -2, 0, 0,-2 -2, 0,+1,-1 -2,+1,+1,-2 -2,+1, 0,-1 | B13: Normal | C13: 001001 | D13: -2 | E13: 0 | F13: 0 | G13: -2 | H13: -2 | I13: 0 | J13: +1 | K13: -1 | L13: -2 | M13: +1 | N13: +1 | O13: -2 | P13: -2 | Q13: +1 | R13: 0 | S13: -1 | T13: {="9'b"& _xlfn.XLOOKUP(--TRIM(D$3),--Mapping!$D$2:$D$5,Mapping!$E$2:$E$5) & "_" & $C13 & ": return " & "{" & _xlfn.TEXTJOIN(", ", TRUE, _xlfn.XLOOKUP(--TRIM(D13:G13), --Mapping!$A$2:$A$6, Mapping!$B$2:$B$6)) & "}" & "; // " & D13 & ", " & E13 & ", " & F13 & ", " & G13} -> 9'b000_001001: return {3'b110, 3'b000, 3'b000, 3'b110}; // -2, 0, 0, -2 | U13: {="9'b"& _xlfn.XLOOKUP(--TRIM(H$3),--Mapping!$D$2:$D$5,Mapping!$E$2:$E$5) & "_" & $C13 & ": return " & "{" & _xlfn.TEXTJOIN(", ", TRUE, _xlfn.XLOOKUP(--TRIM(H13:K13), --Mapping!$A$2:$A$6, Mapping!$B$2:$B$6)) & "}" & "; // " & H13 & ", " & I13 & ", " & J13 & ", " & K13} -> 9'b010_001001: return {3'b110, 3'b000, 3'b001, 3'b111}; // -2, 0, +1, -1 | V13: {="9'b"& _xlfn.XLOOKUP(--TRIM(L$3),--Mapping!$D$2:$D$5,Mapping!$E$2:$E$5) & "_" & $C13 & ": return " & "{" & _xlfn.TEXTJOIN(", ", TRUE, _xlfn.XLOOKUP(--TRIM(L13:O13), --Mapping!$A$2:$A$6, Mapping!$B$2:$B$6)) & "}" & "; // " & L13 & ", " & M13 & ", " & N13 & ", " & O13} -> 9'b001_001001: return {3'b110, 3'b001, 3'b001, 3'b110}; // -2, +1, +1, -2 | W13: {="9'b"& _xlfn.XLOOKUP(--TRIM(P$3),--Mapping!$D$2:$D$5,Mapping!$E$2:$E$5) & "_" & $C13 & ": return " & "{" & _xlfn.TEXTJOIN(", ", TRUE, _xlfn.XLOOKUP(--TRIM(P13:S13), --Mapping!$A$2:$A$6, Mapping!$B$2:$B$6)) & "}" & "; // " & P13 & ", " & Q13 & ", " & R13 & ", " & S13} -> 9'b011_001001: return {3'b110, 3'b001, 3'b000, 3'b111}; // -2, +1, 0, -1
A14: Normal 001010 0,-2, 0,-2 0,-2,+1,-1 0,-1,+1,-2 0,-1, 0,-1 | B14: Normal | C14: 001010 | D14: 0 | E14: -2 | F14: 0 | G14: -2 | H14: 0 | I14: -2 | J14: +1 | K14: -1 | L14: 0 | M14: -1 | N14: +1 | O14: -2 | P14: 0 | Q14: -1 | R14: 0 | S14: -1 | T14: {="9'b"& _xlfn.XLOOKUP(--TRIM(D$3),--Mapping!$D$2:$D$5,Mapping!$E$2:$E$5) & "_" & $C14 & ": return " & "{" & _xlfn.TEXTJOIN(", ", TRUE, _xlfn.XLOOKUP(--TRIM(D14:G14), --Mapping!$A$2:$A$6, Mapping!$B$2:$B$6)) & "}" & "; // " & D14 & ", " & E14 & ", " & F14 & ", " & G14} -> 9'b000_001010: return {3'b000, 3'b110, 3'b000, 3'b110}; // 0, -2, 0, -2 | U14: {="9'b"& _xlfn.XLOOKUP(--TRIM(H$3),--Mapping!$D$2:$D$5,Mapping!$E$2:$E$5) & "_" & $C14 & ": return " & "{" & _xlfn.TEXTJOIN(", ", TRUE, _xlfn.XLOOKUP(--TRIM(H14:K14), --Mapping!$A$2:$A$6, Mapping!$B$2:$B$6)) & "}" & "; // " & H14 & ", " & I14 & ", " & J14 & ", " & K14} -> 9'b010_001010: return {3'b000, 3'b110, 3'b001, 3'b111}; // 0, -2, +1, -1 | V14: {="9'b"& _xlfn.XLOOKUP(--TRIM(L$3),--Mapping!$D$2:$D$5,Mapping!$E$2:$E$5) & "_" & $C14 & ": return " & "{" & _xlfn.TEXTJOIN(", ", TRUE, _xlfn.XLOOKUP(--TRIM(L14:O14), --Mapping!$A$2:$A$6, Mapping!$B$2:$B$6)) & "}" & "; // " & L14 & ", " & M14 & ", " & N14 & ", " & O14} -> 9'b001_001010: return {3'b000, 3'b111, 3'b001, 3'b110}; // 0, -1, +1, -2 | W14: {="9'b"& _xlfn.XLOOKUP(--TRIM(P$3),--Mapping!$D$2:$D$5,Mapping!$E$2:$E$5) & "_" & $C14 & ": return " & "{" & _xlfn.TEXTJOIN(", ", TRUE, _xlfn.XLOOKUP(--TRIM(P14:S14), --Mapping!$A$2:$A$6, Mapping!$B$2:$B$6)) & "}" & "; // " & P14 & ", " & Q14 & ", " & R14 & ", " & S14} -> 9'b011_001010: return {3'b000, 3'b111, 3'b000, 3'b111}; // 0, -1, 0, -1
A15: Normal 001011 -2,-2, 0,-2 -2,-2,+1,-1 -2,-1,+1,-2 -2,-1, 0,-1 | B15: Normal | C15: 001011 | D15: -2 | E15: -2 | F15: 0 | G15: -2 | H15: -2 | I15: -2 | J15: +1 | K15: -1 | L15: -2 | M15: -1 | N15: +1 | O15: -2 | P15: -2 | Q15: -1 | R15: 0 | S15: -1 | T15: {="9'b"& _xlfn.XLOOKUP(--TRIM(D$3),--Mapping!$D$2:$D$5,Mapping!$E$2:$E$5) & "_" & $C15 & ": return " & "{" & _xlfn.TEXTJOIN(", ", TRUE, _xlfn.XLOOKUP(--TRIM(D15:G15), --Mapping!$A$2:$A$6, Mapping!$B$2:$B$6)) & "}" & "; // " & D15 & ", " & E15 & ", " & F15 & ", " & G15} -> 9'b000_001011: return {3'b110, 3'b110, 3'b000, 3'b110}; // -2, -2, 0, -2 | U15: {="9'b"& _xlfn.XLOOKUP(--TRIM(H$3),--Mapping!$D$2:$D$5,Mapping!$E$2:$E$5) & "_" & $C15 & ": return " & "{" & _xlfn.TEXTJOIN(", ", TRUE, _xlfn.XLOOKUP(--TRIM(H15:K15), --Mapping!$A$2:$A$6, Mapping!$B$2:$B$6)) & "}" & "; // " & H15 & ", " & I15 & ", " & J15 & ", " & K15} -> 9'b010_001011: return {3'b110, 3'b110, 3'b001, 3'b111}; // -2, -2, +1, -1 | V15: {="9'b"& _xlfn.XLOOKUP(--TRIM(L$3),--Mapping!$D$2:$D$5,Mapping!$E$2:$E$5) & "_" & $C15 & ": return " & "{" & _xlfn.TEXTJOIN(", ", TRUE, _xlfn.XLOOKUP(--TRIM(L15:O15), --Mapping!$A$2:$A$6, Mapping!$B$2:$B$6)) & "}" & "; // " & L15 & ", " & M15 & ", " & N15 & ", " & O15} -> 9'b001_001011: return {3'b110, 3'b111, 3'b001, 3'b110}; // -2, -1, +1, -2 | W15: {="9'b"& _xlfn.XLOOKUP(--TRIM(P$3),--Mapping!$D$2:$D$5,Mapping!$E$2:$E$5) & "_" & $C15 & ": return " & "{" & _xlfn.TEXTJOIN(", ", TRUE, _xlfn.XLOOKUP(--TRIM(P15:S15), --Mapping!$A$2:$A$6, Mapping!$B$2:$B$6)) & "}" & "; // " & P15 & ", " & Q15 & ", " & R15 & ", " & S15} -> 9'b011_001011: return {3'b110, 3'b111, 3'b000, 3'b111}; // -2, -1, 0, -1
A16: Normal 001100 0, 0,-2,-2 0, 0,-1,-1 0,+1,-1,-2 0,+1,-2,-1 | B16: Normal | C16: 001100 | D16: 0 | E16: 0 | F16: -2 | G16: -2 | H16: 0 | I16: 0 | J16: -1 | K16: -1 | L16: 0 | M16: +1 | N16: -1 | O16: -2 | P16: 0 | Q16: +1 | R16: -2 | S16: -1 | T16: {="9'b"& _xlfn.XLOOKUP(--TRIM(D$3),--Mapping!$D$2:$D$5,Mapping!$E$2:$E$5) & "_" & $C16 & ": return " & "{" & _xlfn.TEXTJOIN(", ", TRUE, _xlfn.XLOOKUP(--TRIM(D16:G16), --Mapping!$A$2:$A$6, Mapping!$B$2:$B$6)) & "}" & "; // " & D16 & ", " & E16 & ", " & F16 & ", " & G16} -> 9'b000_001100: return {3'b000, 3'b000, 3'b110, 3'b110}; // 0, 0, -2, -2 | U16: {="9'b"& _xlfn.XLOOKUP(--TRIM(H$3),--Mapping!$D$2:$D$5,Mapping!$E$2:$E$5) & "_" & $C16 & ": return " & "{" & _xlfn.TEXTJOIN(", ", TRUE, _xlfn.XLOOKUP(--TRIM(H16:K16), --Mapping!$A$2:$A$6, Mapping!$B$2:$B$6)) & "}" & "; // " & H16 & ", " & I16 & ", " & J16 & ", " & K16} -> 9'b010_001100: return {3'b000, 3'b000, 3'b111, 3'b111}; // 0, 0, -1, -1 | V16: {="9'b"& _xlfn.XLOOKUP(--TRIM(L$3),--Mapping!$D$2:$D$5,Mapping!$E$2:$E$5) & "_" & $C16 & ": return " & "{" & _xlfn.TEXTJOIN(", ", TRUE, _xlfn.XLOOKUP(--TRIM(L16:O16), --Mapping!$A$2:$A$6, Mapping!$B$2:$B$6)) & "}" & "; // " & L16 & ", " & M16 & ", " & N16 & ", " & O16} -> 9'b001_001100: return {3'b000, 3'b001, 3'b111, 3'b110}; // 0, +1, -1, -2 | W16: {="9'b"& _xlfn.XLOOKUP(--TRIM(P$3),--Mapping!$D$2:$D$5,Mapping!$E$2:$E$5) & "_" & $C16 & ": return " & "{" & _xlfn.TEXTJOIN(", ", TRUE, _xlfn.XLOOKUP(--TRIM(P16:S16), --Mapping!$A$2:$A$6, Mapping!$B$2:$B$6)) & "}" & "; // " & P16 & ", " & Q16 & ", " & R16 & ", " & S16} -> 9'b011_001100: return {3'b000, 3'b001, 3'b110, 3'b111}; // 0, +1, -2, -1
... A67: Normal 111111 -2,-2,-2,+2 -1,-1,-2,+2 -2,-1,-1,+2 -1,-2,-1,+2 | B67: Normal | C67: 111111 | D67: -2 | E67: -2 | F67: -2 | G67: +2 | H67: -1 | I67: -1 | J67: -2 | K67: +2 | L67: -2 | M67: -1 | N67: -1 | O67: +2 | P67: -1 | Q67: -2 | R67: -1 | S67: +2 | T67: {="9'b"& _xlfn.XLOOKUP(--TRIM(D$3),--Mapping!$D$2:$D$5,Mapping!$E$2:$E$5) & "_" & $C67 & ": return " & "{" & _xlfn.TEXTJOIN(", ", TRUE, _xlfn.XLOOKUP(--TRIM(D67:G67), --Mapping!$A$2:$A$6, Mapping!$B$2:$B$6)) & "}" & "; // " & D67 & ", " & E67 & ", " & F67 & ", " & G67} -> 9'b000_111111: return {3'b110, 3'b110, 3'b110, 3'b010}; // -2, -2, -2, +2 | U67: {="9'b"& _xlfn.XLOOKUP(--TRIM(H$3),--Mapping!$D$2:$D$5,Mapping!$E$2:$E$5) & "_" & $C67 & ": return " & "{" & _xlfn.TEXTJOIN(", ", TRUE, _xlfn.XLOOKUP(--TRIM(H67:K67), --Mapping!$A$2:$A$6, Mapping!$B$2:$B$6)) & "}" & "; // " & H67 & ", " & I67 & ", " & J67 & ", " & K67} -> 9'b010_111111: return {3'b111, 3'b111, 3'b110, 3'b010}; // -1, -1, -2, +2 | V67: {="9'b"& _xlfn.XLOOKUP(--TRIM(L$3),--Mapping!$D$2:$D$5,Mapping!$E$2:$E$5) & "_" & $C67 & ": return " & "{" & _xlfn.TEXTJOIN(", ", TRUE, _xlfn.XLOOKUP(--TRIM(L67:O67), --Mapping!$A$2:$A$6, Mapping!$B$2:$B$6)) & "}" & "; // " & L67 & ", " & M67 & ", " & N67 & ", " & O67} -> 9'b001_111111: return {3'b110, 3'b111, 3'b111, 3'b010}; // -2, -1, -1, +2 | W67: {="9'b"& _xlfn.XLOOKUP(--TRIM(P$3),--Mapping!$D$2:$D$5,Mapping!$E$2:$E$5) & "_" & $C67 & ": return " & "{" & _xlfn.TEXTJOIN(", ", TRUE, _xlfn.XLOOKUP(--TRIM(P67:S67), --Mapping!$A$2:$A$6, Mapping!$B$2:$B$6)) & "}" & "; // " & P67 & ", " & Q67 & ", " & R67 & ", " & S67} -> 9'b011_111111: return {3'b111, 3'b110, 3'b111, 3'b010}; // -1, -2, -1, +2
A68: xmt_err XXXXXX 0,+2,+2, 0 +1,+1,+2,+2 +2,+1,+1,+2 +2,+1,+2,+1 | B68: xmt_err | C68: XXXXXX | D68: 0 | E68: +2 | F68: +2 | G68: 0 | H68: +1 | I68: +1 | J68: +2 | K68: +2 | L68: +2 | M68: +1 | N68: +1 | O68: +2 | P68: +2 | Q68: +1 | R68: +2 | S68: +1
A69: CSExtend_Err XXXXXX -2,+2,+2,-2 -1,-1,+2,+2 +2,-1,-1,+2 +2,-1,+2,-1 | B69: CSExtend_Err | C69: XXXXXX | D69: -2 | E69: +2 | F69: +2 | G69: -2 | H69: -1 | I69: -1 | J69: +2 | K69: +2 | L69: +2 | M69: -1 | N69: -1 | O69: +2 | P69: +2 | Q69: -1 | R69: +2 | S69: -1
A70: CSExtend XXXXXX +2, 0, 0,+2 +2,+2,+1,+1 +1,+2,+2,+1 +1,+2,+1,+2 | B70: CSExtend | C70: XXXXXX | D70: +2 | E70: 0 | F70: 0 | G70: +2 | H70: +2 | I70: +2 | J70: +1 | K70: +1 | L70: +1 | M70: +2 | N70: +2 | O70: +1 | P70: +1 | Q70: +2 | R70: +1 | S70: +2
A71: CSReset XXXXXX +2,-2,-2,+2 +2,+2,-1,-1 -1,+2,+2,-1 -1,+2,-1,+2 | B71: CSReset | C71: XXXXXX | D71: +2 | E71: -2 | F71: -2 | G71: +2 | H71: +2 | I71: +2 | J71: -1 | K71: -1 | L71: -1 | M71: +2 | N71: +2 | O71: -1 | P71: -1 | Q71: +2 | R71: -1 | S71: +2 | T71: {="3'b"& _xlfn.XLOOKUP(--TRIM(D$3),--Mapping!$D$2:$D$5,Mapping!$E$2:$E$5) & ": return " & "{" & _xlfn.TEXTJOIN(", ", TRUE, _xlfn.XLOOKUP(--TRIM(D71:G71), --Mapping!$A$2:$A$6, Mapping!$B$2:$B$6)) & "}" & "; // " & D71 & ", " & E71 & ", " & F71 & ", " & G71} -> 3'b000: return {3'b010, 3'b110, 3'b110, 3'b010}; // +2, -2, -2, +2 | U71: {="3'b"& _xlfn.XLOOKUP(--TRIM(H$3),--Mapping!$D$2:$D$5,Mapping!$E$2:$E$5) & ": return " & "{" & _xlfn.TEXTJOIN(", ", TRUE, _xlfn.XLOOKUP(--TRIM(H71:K71), --Mapping!$A$2:$A$6, Mapping!$B$2:$B$6)) & "}" & "; // " & H71 & ", " & I71 & ", " & J71 & ", " & K71} -> 3'b010: return {3'b010, 3'b010, 3'b111, 3'b111}; // +2, +2, -1, -1 | V71: {="3'b"& _xlfn.XLOOKUP(--TRIM(L$3),--Mapping!$D$2:$D$5,Mapping!$E$2:$E$5) & ": return " & "{" & _xlfn.TEXTJOIN(", ", TRUE, _xlfn.XLOOKUP(--TRIM(L71:O71), --Mapping!$A$2:$A$6, Mapping!$B$2:$B$6)) & "}" & "; // " & L71 & ", " & M71 & ", " & N71 & ", " & O71} -> 3'b001: return {3'b111, 3'b010, 3'b010, 3'b111}; // -1, +2, +2, -1 | W71: {="3'b"& _xlfn.XLOOKUP(--TRIM(P$3),--Mapping!$D$2:$D$5,Mapping!$E$2:$E$5) & ": return " & "{" & _xlfn.TEXTJOIN(", ", TRUE, _xlfn.XLOOKUP(--TRIM(P71:S71), --Mapping!$A$2:$A$6, Mapping!$B$2:$B$6)) & "}" & "; // " & P71 & ", " & Q71 & ", " & R71 & ", " & S71} -> 3'b011: return {3'b111, 3'b010, 3'b111, 3'b010}; // -1, +2, -1, +2
A72: SSD1 XXXXXX +2,+2,+2,+2 - - - | B72: SSD1 | C72: XXXXXX | D72: +2 | E72: +2 | F72: +2 | G72: +2 | H72: - | I72: - | J72: -
A73: SSD2 XXXXXX +2,+2,+2,-2 - - - | B73: SSD2 | C73: XXXXXX | D73: +2 | E73: +2 | F73: +2 | G73: -2 | H73: - | I73: - | J73: -
A74: ESD1 XXXXXX +2,+2,+2,+2 - - - | B74: ESD1 | C74: XXXXXX | D74: +2 | E74: +2 | F74: +2 | G74: +2 | H74: - | I74: - | J74: -
A75: ESD2_Ext_0 XXXXXX +2,+2,+2,-2 - - - | B75: ESD2_Ext_0 | C75: XXXXXX | D75: +2 | E75: +2 | F75: +2 | G75: -2 | H75: - | I75: - | J75: -
A76: ESD2_Ext_1 XXXXXX +2,+2,-2,+2 - - - | B76: ESD2_Ext_1 | C76: XXXXXX | D76: +2 | E76: +2 | F76: -2 | G76: +2 | H76: - | I76: - | J76: -
A77: ESD2_Ext_2 XXXXXX +2,-2,+2,+2 - - - | B77: ESD2_Ext_2 | C77: XXXXXX | D77: +2 | E77: -2 | F77: +2 | G77: +2 | H77: - | I77: - | J77: -
A78: ESD_Ext_Err XXXXXX -2,+2,+2,+2 - - - | B78: ESD_Ext_Err | C78: XXXXXX | D78: -2 | E78: +2 | F78: +2 | G78: +2 | H78: - | I78: - | J78: -
A79: Idle/CarrExt 000000 0, 0, 0, 0 - - - | B79: Idle/CarrExt | C79: 000000 | D79: 0 | E79: 0 | F79: 0 | G79: 0 | H79: - | I79: - | J79: - | T79: {="6'b" & $C79 & ": return " & "{" & _xlfn.TEXTJOIN(", ", TRUE, _xlfn.XLOOKUP(--TRIM(D79:G79), --Mapping!$A$2:$A$6, Mapping!$B$2:$B$6)) & "}" & "; // " & D79 & ", " & E79 & ", " & F79 & ", " & G79} -> 6'b000000: return {3'b000, 3'b000, 3'b000, 3'b000}; // 0, 0, 0, 0
A80: Idle/CarrExt 000001 -2, 0, 0, 0 - - - | B80: Idle/CarrExt | C80: 000001 | D80: -2 | E80: 0 | F80: 0 | G80: 0 | H80: - | I80: - | J80: - | T80: {="6'b" & $C80 & ": return " & "{" & _xlfn.TEXTJOIN(", ", TRUE, _xlfn.XLOOKUP(--TRIM(D80:G80), --Mapping!$A$2:$A$6, Mapping!$B$2:$B$6)) & "}" & "; // " & D80 & ", " & E80 & ", " & F80 & ", " & G80} -> 6'b000001: return {3'b110, 3'b000, 3'b000, 3'b000}; // -2, 0, 0, 0
A81: Idle/CarrExt 000010 0,-2, 0, 0 - - - | B81: Idle/CarrExt | C81: 000010 | D81: 0 | E81: -2 | F81: 0 | G81: 0 | H81: - | I81: - | J81: - | T81: {="6'b" & $C81 & ": return " & "{" & _xlfn.TEXTJOIN(", ", TRUE, _xlfn.XLOOKUP(--TRIM(D81:G81), --Mapping!$A$2:$A$6, Mapping!$B$2:$B$6)) & "}" & "; // " & D81 & ", " & E81 & ", " & F81 & ", " & G81} -> 6'b000010: return {3'b000, 3'b110, 3'b000, 3'b000}; // 0, -2, 0, 0
A82: Idle/CarrExt 000011 -2,-2, 0, 0 - - - | B82: Idle/CarrExt | C82: 000011 | D82: -2 | E82: -2 | F82: 0 | G82: 0 | H82: - | I82: - | J82: - | T82: {="6'b" & $C82 & ": return " & "{" & _xlfn.TEXTJOIN(", ", TRUE, _xlfn.XLOOKUP(--TRIM(D82:G82), --Mapping!$A$2:$A$6, Mapping!$B$2:$B$6)) & "}" & "; // " & D82 & ", " & E82 & ", " & F82 & ", " & G82} -> 6'b000011: return {3'b110, 3'b110, 3'b000, 3'b000}; // -2, -2, 0, 0
A83: Idle/CarrExt 000100 0, 0,-2, 0 - - - | B83: Idle/CarrExt | C83: 000100 | D83: 0 | E83: 0 | F83: -2 | G83: 0 | H83: - | I83: - | J83: - | T83: {="6'b" & $C83 & ": return " & "{" & _xlfn.TEXTJOIN(", ", TRUE, _xlfn.XLOOKUP(--TRIM(D83:G83), --Mapping!$A$2:$A$6, Mapping!$B$2:$B$6)) & "}" & "; // " & D83 & ", " & E83 & ", " & F83 & ", " & G83} -> 6'b000100: return {3'b000, 3'b000, 3'b110, 3'b000}; // 0, 0, -2, 0
A84: Idle/CarrExt 000101 -2, 0,-2, 0 - - - | B84: Idle/CarrExt | C84: 000101 | D84: -2 | E84: 0 | F84: -2 | G84: 0 | H84: - | I84: - | J84: - | T84: {="6'b" & $C84 & ": return " & "{" & _xlfn.TEXTJOIN(", ", TRUE, _xlfn.XLOOKUP(--TRIM(D84:G84), --Mapping!$A$2:$A$6, Mapping!$B$2:$B$6)) & "}" & "; // " & D84 & ", " & E84 & ", " & F84 & ", " & G84} -> 6'b000101: return {3'b110, 3'b000, 3'b110, 3'b000}; // -2, 0, -2, 0
A85: Idle/CarrExt 000110 0,-2,-2, 0 - - - | B85: Idle/CarrExt | C85: 000110 | D85: 0 | E85: -2 | F85: -2 | G85: 0 | H85: - | I85: - | J85: - | T85: {="6'b" & $C85 & ": return " & "{" & _xlfn.TEXTJOIN(", ", TRUE, _xlfn.XLOOKUP(--TRIM(D85:G85), --Mapping!$A$2:$A$6, Mapping!$B$2:$B$6)) & "}" & "; // " & D85 & ", " & E85 & ", " & F85 & ", " & G85} -> 6'b000110: return {3'b000, 3'b110, 3'b110, 3'b000}; // 0, -2, -2, 0
A86: Idle/CarrExt 000111 -2,-2,-2, 0 - - - | B86: Idle/CarrExt | C86: 000111 | D86: -2 | E86: -2 | F86: -2 | G86: 0 | H86: - | I86: - | J86: - | T86: {="6'b" & $C86 & ": return " & "{" & _xlfn.TEXTJOIN(", ", TRUE, _xlfn.XLOOKUP(--TRIM(D86:G86), --Mapping!$A$2:$A$6, Mapping!$B$2:$B$6)) & "}" & "; // " & D86 & ", " & E86 & ", " & F86 & ", " & G86} -> 6'b000111: return {3'b110, 3'b110, 3'b110, 3'b000}; // -2, -2, -2, 0
A87: Idle/CarrExt 001000 0, 0, 0,-2 - - - | B87: Idle/CarrExt | C87: 001000 | D87: 0 | E87: 0 | F87: 0 | G87: -2 | H87: - | I87: - | J87: - | T87: {="6'b" & $C87 & ": return " & "{" & _xlfn.TEXTJOIN(", ", TRUE, _xlfn.XLOOKUP(--TRIM(D87:G87), --Mapping!$A$2:$A$6, Mapping!$B$2:$B$6)) & "}" & "; // " & D87 & ", " & E87 & ", " & F87 & ", " & G87} -> 6'b001000: return {3'b000, 3'b000, 3'b000, 3'b110}; // 0, 0, 0, -2
A88: Idle/CarrExt 001001 -2, 0, 0,-2 - - - | B88: Idle/CarrExt | C88: 001001 | D88: -2 | E88: 0 | F88: 0 | G88: -2 | H88: - | I88: - | J88: - | T88: {="6'b" & $C88 & ": return " & "{" & _xlfn.TEXTJOIN(", ", TRUE, _xlfn.XLOOKUP(--TRIM(D88:G88), --Mapping!$A$2:$A$6, Mapping!$B$2:$B$6)) & "}" & "; // " & D88 & ", " & E88 & ", " & F88 & ", " & G88} -> 6'b001001: return {3'b110, 3'b000, 3'b000, 3'b110}; // -2, 0, 0, -2
A89: Idle/CarrExt 001010 0,-2, 0,-2 - - - | B89: Idle/CarrExt | C89: 001010 | D89: 0 | E89: -2 | F89: 0 | G89: -2 | H89: - | I89: - | J89: - | T89: {="6'b" & $C89 & ": return " & "{" & _xlfn.TEXTJOIN(", ", TRUE, _xlfn.XLOOKUP(--TRIM(D89:G89), --Mapping!$A$2:$A$6, Mapping!$B$2:$B$6)) & "}" & "; // " & D89 & ", " & E89 & ", " & F89 & ", " & G89} -> 6'b001010: return {3'b000, 3'b110, 3'b000, 3'b110}; // 0, -2, 0, -2
A90: Idle/CarrExt 001011 -2,-2, 0,-2 - - - | B90: Idle/CarrExt | C90: 001011 | D90: -2 | E90: -2 | F90: 0 | G90: -2 | H90: - | I90: - | J90: - | T90: {="6'b" & $C90 & ": return " & "{" & _xlfn.TEXTJOIN(", ", TRUE, _xlfn.XLOOKUP(--TRIM(D90:G90), --Mapping!$A$2:$A$6, Mapping!$B$2:$B$6)) & "}" & "; // " & D90 & ", " & E90 & ", " & F90 & ", " & G90} -> 6'b001011: return {3'b110, 3'b110, 3'b000, 3'b110}; // -2, -2, 0, -2
... A94: Idle/CarrExt 001111 -2,-2,-2,-2 - - - | B94: Idle/CarrExt | C94: 001111 | D94: -2 | E94: -2 | F94: -2 | G94: -2 | H94: - | I94: - | J94: - | T94: {="6'b" & $C94 & ": return " & "{" & _xlfn.TEXTJOIN(", ", TRUE, _xlfn.XLOOKUP(--TRIM(D94:G94), --Mapping!$A$2:$A$6, Mapping!$B$2:$B$6)) & "}" & "; // " & D94 & ", " & E94 & ", " & F94 & ", " & G94} -> 6'b001111: return {3'b110, 3'b110, 3'b110, 3'b110}; // -2, -2, -2, -2

Sheet Table 40-2
D2: Sdn[6:8] | T2: Code
A3: Original Text | B3: Condition | C3: Sdn[5:0] | D3: 001 | H3: 011 | L3: 101 | P3: 111
A4: Normal 000000 0, 0, 0,+1 0, 0,+1, 0 0,+1,+1,+1 0,+1, 0, 0 | B4: Normal | C4: 000000 | D4: 0 | E4: 0 | F4: 0 | G4: +1 | H4: 0 | I4: 0 | J4: +1 | K4: 0 | L4: 0 | M4: +1 | N4: +1 | O4: +1 | P4: 0 | Q4: +1 | R4: 0 | S4: 0 | T4: {="9'b" & _xlfn.XLOOKUP(TRIM(D$3)&"", Mapping!$D$2:$D$9&"", Mapping!$E$2:$E$9, "NOT_FOUND") & "_" & $C4 & ": return {" & _xlfn.TEXTJOIN(", ", TRUE, _xlfn.XLOOKUP(TRIM(D4:G4)&"", Mapping!$A$2:$A$6&"", Mapping!$B$2:$B$6, "NOT_FOUND")) & "}; // " & D4 & ", " & E4 & ", " & F4 & ", " & G4} -> 9'b100_000000: return {3'b000, 3'b000, 3'b000, 3'b001}; // 0, 0, 0, +1 | U4: {="9'b"& _xlfn.XLOOKUP(--TRIM(H$3),--Mapping!$D$2:$D$9,Mapping!$E$2:$E$9) & "_" & $C4 & ": return " & "{" & _xlfn.TEXTJOIN(", ", TRUE, _xlfn.XLOOKUP(--TRIM(H4:K4), --Mapping!$A$2:$A$6, Mapping!$B$2:$B$6)) & "}" & "; // " & H4 & ", " & I4 & ", " & J4 & ", " & K4} -> 9'b110_000000: return {3'b000, 3'b000, 3'b001, 3'b000}; // 0, 0, +1, 0 | V4: {="9'b"& _xlfn.XLOOKUP(--TRIM(L$3),--Mapping!$D$2:$D$9,Mapping!$E$2:$E$9) & "_" & $C4 & ": return " & "{" & _xlfn.TEXTJOIN(", ", TRUE, _xlfn.XLOOKUP(--TRIM(L4:O4), --Mapping!$A$2:$A$6, Mapping!$B$2:$B$6)) & "}" & "; // " & L4 & ", " & M4 & ", " & N4 & ", " & O4} -> 9'b101_000000: return {3'b000, 3'b001, 3'b001, 3'b001}; // 0, +1, +1, +1 | W4: {="9'b"& _xlfn.XLOOKUP(--TRIM(P$3),--Mapping!$D$2:$D$9,Mapping!$E$2:$E$9) & "_" & $C4 & ": return " & "{" & _xlfn.TEXTJOIN(", ", TRUE, _xlfn.XLOOKUP(--TRIM(P4:S4), --Mapping!$A$2:$A$6, Mapping!$B$2:$B$6)) & "}" & "; // " & P4 & ", " & Q4 & ", " & R4 & ", " & S4} -> 9'b111_000000: return {3'b000, 3'b001, 3'b000, 3'b000}; // 0, +1, 0, 0
A5: Normal 000001 -2, 0, 0,+1 -2, 0,+1, 0 -2,+1,+1,+1 -2,+1, 0, 0 | B5: Normal | C5: 000001 | D5: -2 | E5: 0 | F5: 0 | G5: +1 | H5: -2 | I5: 0 | J5: +1 | K5: 0 | L5: -2 | M5: +1 | N5: +1 | O5: +1 | P5: -2 | Q5: +1 | R5: 0 | S5: 0 | T5: {="9'b" & _xlfn.XLOOKUP(TRIM(D$3)&"", Mapping!$D$2:$D$9&"", Mapping!$E$2:$E$9, "NOT_FOUND") & "_" & $C5 & ": return {" & _xlfn.TEXTJOIN(", ", TRUE, _xlfn.XLOOKUP(TRIM(D5:G5)&"", Mapping!$A$2:$A$6&"", Mapping!$B$2:$B$6, "NOT_FOUND")) & "}; // " & D5 & ", " & E5 & ", " & F5 & ", " & G5} -> 9'b100_000001: return {3'b110, 3'b000, 3'b000, 3'b001}; // -2, 0, 0, +1 | U5: {="9'b"& _xlfn.XLOOKUP(--TRIM(H$3),--Mapping!$D$2:$D$9,Mapping!$E$2:$E$9) & "_" & $C5 & ": return " & "{" & _xlfn.TEXTJOIN(", ", TRUE, _xlfn.XLOOKUP(--TRIM(H5:K5), --Mapping!$A$2:$A$6, Mapping!$B$2:$B$6)) & "}" & "; // " & H5 & ", " & I5 & ", " & J5 & ", " & K5} -> 9'b110_000001: return {3'b110, 3'b000, 3'b001, 3'b000}; // -2, 0, +1, 0 | V5: {="9'b"& _xlfn.XLOOKUP(--TRIM(L$3),--Mapping!$D$2:$D$9,Mapping!$E$2:$E$9) & "_" & $C5 & ": return " & "{" & _xlfn.TEXTJOIN(", ", TRUE, _xlfn.XLOOKUP(--TRIM(L5:O5), --Mapping!$A$2:$A$6, Mapping!$B$2:$B$6)) & "}" & "; // " & L5 & ", " & M5 & ", " & N5 & ", " & O5} -> 9'b101_000001: return {3'b110, 3'b001, 3'b001, 3'b001}; // -2, +1, +1, +1 | W5: {="9'b"& _xlfn.XLOOKUP(--TRIM(P$3),--Mapping!$D$2:$D$9,Mapping!$E$2:$E$9) & "_" & $C5 & ": return " & "{" & _xlfn.TEXTJOIN(", ", TRUE, _xlfn.XLOOKUP(--TRIM(P5:S5), --Mapping!$A$2:$A$6, Mapping!$B$2:$B$6)) & "}" & "; // " & P5 & ", " & Q5 & ", " & R5 & ", " & S5} -> 9'b111_000001: return {3'b110, 3'b001, 3'b000, 3'b000}; // -2, +1, 0, 0
A6: Normal 000010 0,-2, 0,+1 0,-2,+1, 0 0,-1,+1,+1 0,-1, 0, 0 | B6: Normal | C6: 000010 | D6: 0 | E6: -2 | F6: 0 | G6: +1 | H6: 0 | I6: -2 | J6: +1 | K6: 0 | L6: 0 | M6: -1 | N6: +1 | O6: +1 | P6: 0 | Q6: -1 | R6: 0 | S6: 0 | T6: {="9'b" & _xlfn.XLOOKUP(TRIM(D$3)&"", Mapping!$D$2:$D$9&"", Mapping!$E$2:$E$9, "NOT_FOUND") & "_" & $C6 & ": return {" & _xlfn.TEXTJOIN(", ", TRUE, _xlfn.XLOOKUP(TRIM(D6:G6)&"", Mapping!$A$2:$A$6&"", Mapping!$B$2:$B$6, "NOT_FOUND")) & "}; // " & D6 & ", " & E6 & ", " & F6 & ", " & G6} -> 9'b100_000010: return {3'b000, 3'b110, 3'b000, 3'b001}; // 0, -2, 0, +1 | U6: {="9'b"& _xlfn.XLOOKUP(--TRIM(H$3),--Mapping!$D$2:$D$9,Mapping!$E$2:$E$9) & "_" & $C6 & ": return " & "{" & _xlfn.TEXTJOIN(", ", TRUE, _xlfn.XLOOKUP(--TRIM(H6:K6), --Mapping!$A$2:$A$6, Mapping!$B$2:$B$6)) & "}" & "; // " & H6 & ", " & I6 & ", " & J6 & ", " & K6} -> 9'b110_000010: return {3'b000, 3'b110, 3'b001, 3'b000}; // 0, -2, +1, 0 | V6: {="9'b"& _xlfn.XLOOKUP(--TRIM(L$3),--Mapping!$D$2:$D$9,Mapping!$E$2:$E$9) & "_" & $C6 & ": return " & "{" & _xlfn.TEXTJOIN(", ", TRUE, _xlfn.XLOOKUP(--TRIM(L6:O6), --Mapping!$A$2:$A$6, Mapping!$B$2:$B$6)) & "}" & "; // " & L6 & ", " & M6 & ", " & N6 & ", " & O6} -> 9'b101_000010: return {3'b000, 3'b111, 3'b001, 3'b001}; // 0, -1, +1, +1 | W6: {="9'b"& _xlfn.XLOOKUP(--TRIM(P$3),--Mapping!$D$2:$D$9,Mapping!$E$2:$E$9) & "_" & $C6 & ": return " & "{" & _xlfn.TEXTJOIN(", ", TRUE, _xlfn.XLOOKUP(--TRIM(P6:S6), --Mapping!$A$2:$A$6, Mapping!$B$2:$B$6)) & "}" & "; // " & P6 & ", " & Q6 & ", " & R6 & ", " & S6} -> 9'b111_000010: return {3'b000, 3'b111, 3'b000, 3'b000}; // 0, -1, 0, 0
A7: Normal 000011 -2,-2, 0,+1 -2,-2,+1, 0 -2,-1,+1,+1 -2,-1, 0, 0 | B7: Normal | C7: 000011 | D7: -2 | E7: -2 | F7: 0 | G7: +1 | H7: -2 | I7: -2 | J7: +1 | K7: 0 | L7: -2 | M7: -1 | N7: +1 | O7: +1 | P7: -2 | Q7: -1 | R7: 0 | S7: 0 | T7: {="9'b" & _xlfn.XLOOKUP(TRIM(D$3)&"", Mapping!$D$2:$D$9&"", Mapping!$E$2:$E$9, "NOT_FOUND") & "_" & $C7 & ": return {" & _xlfn.TEXTJOIN(", ", TRUE, _xlfn.XLOOKUP(TRIM(D7:G7)&"", Mapping!$A$2:$A$6&"", Mapping!$B$2:$B$6, "NOT_FOUND")) & "}; // " & D7 & ", " & E7 & ", " & F7 & ", " & G7} -> 9'b100_000011: return {3'b110, 3'b110, 3'b000, 3'b001}; // -2, -2, 0, +1 | U7: {="9'b"& _xlfn.XLOOKUP(--TRIM(H$3),--Mapping!$D$2:$D$9,Mapping!$E$2:$E$9) & "_" & $C7 & ": return " & "{" & _xlfn.TEXTJOIN(", ", TRUE, _xlfn.XLOOKUP(--TRIM(H7:K7), --Mapping!$A$2:$A$6, Mapping!$B$2:$B$6)) & "}" & "; // " & H7 & ", " & I7 & ", " & J7 & ", " & K7} -> 9'b110_000011: return {3'b110, 3'b110, 3'b001, 3'b000}; // -2, -2, +1, 0 | V7: {="9'b"& _xlfn.XLOOKUP(--TRIM(L$3),--Mapping!$D$2:$D$9,Mapping!$E$2:$E$9) & "_" & $C7 & ": return " & "{" & _xlfn.TEXTJOIN(", ", TRUE, _xlfn.XLOOKUP(--TRIM(L7:O7), --Mapping!$A$2:$A$6, Mapping!$B$2:$B$6)) & "}" & "; // " & L7 & ", " & M7 & ", " & N7 & ", " & O7} -> 9'b101_000011: return {3'b110, 3'b111, 3'b001, 3'b001}; // -2, -1, +1, +1 | W7: {="9'b"& _xlfn.XLOOKUP(--TRIM(P$3),--Mapping!$D$2:$D$9,Mapping!$E$2:$E$9) & "_" & $C7 & ": return " & "{" & _xlfn.TEXTJOIN(", ", TRUE, _xlfn.XLOOKUP(--TRIM(P7:S7), --Mapping!$A$2:$A$6, Mapping!$B$2:$B$6)) & "}" & "; // " & P7 & ", " & Q7 & ", " & R7 & ", " & S7} -> 9'b111_000011: return {3'b110, 3'b111, 3'b000, 3'b000}; // -2, -1, 0, 0
A8: Normal 000100 0, 0,-2,+1 0, 0,-1, 0 0,+1,-1,+1 0,+1,-2, 0 | B8: Normal | C8: 000100 | D8: 0 | E8: 0 | F8: -2 | G8: +1 | H8: 0 | I8: 0 | J8: -1 | K8: 0 | L8: 0 | M8: +1 | N8: -1 | O8: +1 | P8: 0 | Q8: +1 | R8: -2 | S8: 0 | T8: {="9'b" & _xlfn.XLOOKUP(TRIM(D$3)&"", Mapping!$D$2:$D$9&"", Mapping!$E$2:$E$9, "NOT_FOUND") & "_" & $C8 & ": return {" & _xlfn.TEXTJOIN(", ", TRUE, _xlfn.XLOOKUP(TRIM(D8:G8)&"", Mapping!$A$2:$A$6&"", Mapping!$B$2:$B$6, "NOT_FOUND")) & "}; // " & D8 & ", " & E8 & ", " & F8 & ", " & G8} -> 9'b100_000100: return {3'b000, 3'b000, 3'b110, 3'b001}; // 0, 0, -2, +1 | U8: {="9'b"& _xlfn.XLOOKUP(--TRIM(H$3),--Mapping!$D$2:$D$9,Mapping!$E$2:$E$9) & "_" & $C8 & ": return " & "{" & _xlfn.TEXTJOIN(", ", TRUE, _xlfn.XLOOKUP(--TRIM(H8:K8), --Mapping!$A$2:$A$6, Mapping!$B$2:$B$6)) & "}" & "; // " & H8 & ", " & I8 & ", " & J8 & ", " & K8} -> 9'b110_000100: return {3'b000, 3'b000, 3'b111, 3'b000}; // 0, 0, -1, 0 | V8: {="9'b"& _xlfn.XLOOKUP(--TRIM(L$3),--Mapping!$D$2:$D$9,Mapping!$E$2:$E$9) & "_" & $C8 & ": return " & "{" & _xlfn.TEXTJOIN(", ", TRUE, _xlfn.XLOOKUP(--TRIM(L8:O8), --Mapping!$A$2:$A$6, Mapping!$B$2:$B$6)) & "}" & "; // " & L8 & ", " & M8 & ", " & N8 & ", " & O8} -> 9'b101_000100: return {3'b000, 3'b001, 3'b111, 3'b001}; // 0, +1, -1, +1 | W8: {="9'b"& _xlfn.XLOOKUP(--TRIM(P$3),--Mapping!$D$2:$D$9,Mapping!$E$2:$E$9) & "_" & $C8 & ": return " & "{" & _xlfn.TEXTJOIN(", ", TRUE, _xlfn.XLOOKUP(--TRIM(P8:S8), --Mapping!$A$2:$A$6, Mapping!$B$2:$B$6)) & "}" & "; // " & P8 & ", " & Q8 & ", " & R8 & ", " & S8} -> 9'b111_000100: return {3'b000, 3'b001, 3'b110, 3'b000}; // 0, +1, -2, 0
A9: Normal 000101 -2, 0,-2,+1 -2, 0,-1, 0 -2,+1,-1,+1 -2,+1,-2, 0 | B9: Normal | C9: 000101 | D9: -2 | E9: 0 | F9: -2 | G9: +1 | H9: -2 | I9: 0 | J9: -1 | K9: 0 | L9: -2 | M9: +1 | N9: -1 | O9: +1 | P9: -2 | Q9: +1 | R9: -2 | S9: 0 | T9: {="9'b" & _xlfn.XLOOKUP(TRIM(D$3)&"", Mapping!$D$2:$D$9&"", Mapping!$E$2:$E$9, "NOT_FOUND") & "_" & $C9 & ": return {" & _xlfn.TEXTJOIN(", ", TRUE, _xlfn.XLOOKUP(TRIM(D9:G9)&"", Mapping!$A$2:$A$6&"", Mapping!$B$2:$B$6, "NOT_FOUND")) & "}; // " & D9 & ", " & E9 & ", " & F9 & ", " & G9} -> 9'b100_000101: return {3'b110, 3'b000, 3'b110, 3'b001}; // -2, 0, -2, +1 | U9: {="9'b"& _xlfn.XLOOKUP(--TRIM(H$3),--Mapping!$D$2:$D$9,Mapping!$E$2:$E$9) & "_" & $C9 & ": return " & "{" & _xlfn.TEXTJOIN(", ", TRUE, _xlfn.XLOOKUP(--TRIM(H9:K9), --Mapping!$A$2:$A$6, Mapping!$B$2:$B$6)) & "}" & "; // " & H9 & ", " & I9 & ", " & J9 & ", " & K9} -> 9'b110_000101: return {3'b110, 3'b000, 3'b111, 3'b000}; // -2, 0, -1, 0 | V9: {="9'b"& _xlfn.XLOOKUP(--TRIM(L$3),--Mapping!$D$2:$D$9,Mapping!$E$2:$E$9) & "_" & $C9 & ": return " & "{" & _xlfn.TEXTJOIN(", ", TRUE, _xlfn.XLOOKUP(--TRIM(L9:O9), --Mapping!$A$2:$A$6, Mapping!$B$2:$B$6)) & "}" & "; // " & L9 & ", " & M9 & ", " & N9 & ", " & O9} -> 9'b101_000101: return {3'b110, 3'b001, 3'b111, 3'b001}; // -2, +1, -1, +1 | W9: {="9'b"& _xlfn.XLOOKUP(--TRIM(P$3),--Mapping!$D$2:$D$9,Mapping!$E$2:$E$9) & "_" & $C9 & ": return " & "{" & _xlfn.TEXTJOIN(", ", TRUE, _xlfn.XLOOKUP(--TRIM(P9:S9), --Mapping!$A$2:$A$6, Mapping!$B$2:$B$6)) & "}" & "; // " & P9 & ", " & Q9 & ", " & R9 & ", " & S9} -> 9'b111_000101: return {3'b110, 3'b001, 3'b110, 3'b000}; // -2, +1, -2, 0
A10: Normal 000110 0,-2,-2,+1 0,-2,-1, 0 0,-1,-1,+1 0,-1,-2, 0 | B10: Normal | C10: 000110 | D10: 0 | E10: -2 | F10: -2 | G10: +1 | H10: 0 | I10: -2 | J10: -1 | K10: 0 | L10: 0 | M10: -1 | N10: -1 | O10: +1 | P10: 0 | Q10: -1 | R10: -2 | S10: 0 | T10: {="9'b" & _xlfn.XLOOKUP(TRIM(D$3)&"", Mapping!$D$2:$D$9&"", Mapping!$E$2:$E$9, "NOT_FOUND") & "_" & $C10 & ": return {" & _xlfn.TEXTJOIN(", ", TRUE, _xlfn.XLOOKUP(TRIM(D10:G10)&"", Mapping!$A$2:$A$6&"", Mapping!$B$2:$B$6, "NOT_FOUND")) & "}; // " & D10 & ", " & E10 & ", " & F10 & ", " & G10} -> 9'b100_000110: return {3'b000, 3'b110, 3'b110, 3'b001}; // 0, -2, -2, +1 | U10: {="9'b"& _xlfn.XLOOKUP(--TRIM(H$3),--Mapping!$D$2:$D$9,Mapping!$E$2:$E$9) & "_" & $C10 & ": return " & "{" & _xlfn.TEXTJOIN(", ", TRUE, _xlfn.XLOOKUP(--TRIM(H10:K10), --Mapping!$A$2:$A$6, Mapping!$B$2:$B$6)) & "}" & "; // " & H10 & ", " & I10 & ", " & J10 & ", " & K10} -> 9'b110_000110: return {3'b000, 3'b110, 3'b111, 3'b000}; // 0, -2, -1, 0 | V10: {="9'b"& _xlfn.XLOOKUP(--TRIM(L$3),--Mapping!$D$2:$D$9,Mapping!$E$2:$E$9) & "_" & $C10 & ": return " & "{" & _xlfn.TEXTJOIN(", ", TRUE, _xlfn.XLOOKUP(--TRIM(L10:O10), --Mapping!$A$2:$A$6, Mapping!$B$2:$B$6)) & "}" & "; // " & L10 & ", " & M10 & ", " & N10 & ", " & O10} -> 9'b101_000110: return {3'b000, 3'b111, 3'b111, 3'b001}; // 0, -1, -1, +1 | W10: {="9'b"& _xlfn.XLOOKUP(--TRIM(P$3),--Mapping!$D$2:$D$9,Mapping!$E$2:$E$9) & "_" & $C10 & ": return " & "{" & _xlfn.TEXTJOIN(", ", TRUE, _xlfn.XLOOKUP(--TRIM(P10:S10), --Mapping!$A$2:$A$6, Mapping!$B$2:$B$6)) & "}" & "; // " & P10 & ", " & Q10 & ", " & R10 & ", " & S10} -> 9'b111_000110: return {3'b000, 3'b111, 3'b110, 3'b000}; // 0, -1, -2, 0
A11: Normal 000111 -2,-2,-2,+1 -2,-2,-1, 0 -2,-1,-1,+1 -2,-1,-2, 0 | B11: Normal | C11: 000111 | D11: -2 | E11: -2 | F11: -2 | G11: +1 | H11: -2 | I11: -2 | J11: -1 | K11: 0 | L11: -2 | M11: -1 | N11: -1 | O11: +1 | P11: -2 | Q11: -1 | R11: -2 | S11: 0 | T11: {="9'b" & _xlfn.XLOOKUP(TRIM(D$3)&"", Mapping!$D$2:$D$9&"", Mapping!$E$2:$E$9, "NOT_FOUND") & "_" & $C11 & ": return {" & _xlfn.TEXTJOIN(", ", TRUE, _xlfn.XLOOKUP(TRIM(D11:G11)&"", Mapping!$A$2:$A$6&"", Mapping!$B$2:$B$6, "NOT_FOUND")) & "}; // " & D11 & ", " & E11 & ", " & F11 & ", " & G11} -> 9'b100_000111: return {3'b110, 3'b110, 3'b110, 3'b001}; // -2, -2, -2, +1 | U11: {="9'b"& _xlfn.XLOOKUP(--TRIM(H$3),--Mapping!$D$2:$D$9,Mapping!$E$2:$E$9) & "_" & $C11 & ": return " & "{" & _xlfn.TEXTJOIN(", ", TRUE, _xlfn.XLOOKUP(--TRIM(H11:K11), --Mapping!$A$2:$A$6, Mapping!$B$2:$B$6)) & "}" & "; // " & H11 & ", " & I11 & ", " & J11 & ", " & K11} -> 9'b110_000111: return {3'b110, 3'b110, 3'b111, 3'b000}; // -2, -2, -1, 0 | V11: {="9'b"& _xlfn.XLOOKUP(--TRIM(L$3),--Mapping!$D$2:$D$9,Mapping!$E$2:$E$9) & "_" & $C11 & ": return " & "{" & _xlfn.TEXTJOIN(", ", TRUE, _xlfn.XLOOKUP(--TRIM(L11:O11), --Mapping!$A$2:$A$6, Mapping!$B$2:$B$6)) & "}" & "; // " & L11 & ", " & M11 & ", " & N11 & ", " & O11} -> 9'b101_000111: return {3'b110, 3'b111, 3'b111, 3'b001}; // -2, -1, -1, +1 | W11: {="9'b"& _xlfn.XLOOKUP(--TRIM(P$3),--Mapping!$D$2:$D$9,Mapping!$E$2:$E$9) & "_" & $C11 & ": return " & "{" & _xlfn.TEXTJOIN(", ", TRUE, _xlfn.XLOOKUP(--TRIM(P11:S11), --Mapping!$A$2:$A$6, Mapping!$B$2:$B$6)) & "}" & "; // " & P11 & ", " & Q11 & ", " & R11 & ", " & S11} -> 9'b111_000111: return {3'b110, 3'b111, 3'b110, 3'b000}; // -2, -1, -2, 0
A12: Normal 001000 0, 0, 0,-1 0, 0,+1,-2 0,+1,+1,-1 0,+1, 0,-2 | B12: Normal | C12: 001000 | D12: 0 | E12: 0 | F12: 0 | G12: -1 | H12: 0 | I12: 0 | J12: +1 | K12: -2 | L12: 0 | M12: +1 | N12: +1 | O12: -1 | P12: 0 | Q12: +1 | R12: 0 | S12: -2 | T12: {="9'b" & _xlfn.XLOOKUP(TRIM(D$3)&"", Mapping!$D$2:$D$9&"", Mapping!$E$2:$E$9, "NOT_FOUND") & "_" & $C12 & ": return {" & _xlfn.TEXTJOIN(", ", TRUE, _xlfn.XLOOKUP(TRIM(D12:G12)&"", Mapping!$A$2:$A$6&"", Mapping!$B$2:$B$6, "NOT_FOUND")) & "}; // " & D12 & ", " & E12 & ", " & F12 & ", " & G12} -> 9'b100_001000: return {3'b000, 3'b000, 3'b000, 3'b111}; // 0, 0, 0, -1 | U12: {="9'b"& _xlfn.XLOOKUP(--TRIM(H$3),--Mapping!$D$2:$D$9,Mapping!$E$2:$E$9) & "_" & $C12 & ": return " & "{" & _xlfn.TEXTJOIN(", ", TRUE, _xlfn.XLOOKUP(--TRIM(H12:K12), --Mapping!$A$2:$A$6, Mapping!$B$2:$B$6)) & "}" & "; // " & H12 & ", " & I12 & ", " & J12 & ", " & K12} -> 9'b110_001000: return {3'b000, 3'b000, 3'b001, 3'b110}; // 0, 0, +1, -2 | V12: {="9'b"& _xlfn.XLOOKUP(--TRIM(L$3),--Mapping!$D$2:$D$9,Mapping!$E$2:$E$9) & "_" & $C12 & ": return " & "{" & _xlfn.TEXTJOIN(", ", TRUE, _xlfn.XLOOKUP(--TRIM(L12:O12), --Mapping!$A$2:$A$6, Mapping!$B$2:$B$6)) & "}" & "; // " & L12 & ", " & M12 & ", " & N12 & ", " & O12} -> 9'b101_001000: return {3'b000, 3'b001, 3'b001, 3'b111}; // 0, +1, +1, -1 | W12: {="9'b"& _xlfn.XLOOKUP(--TRIM(P$3),--Mapping!$D$2:$D$9,Mapping!$E$2:$E$9) & "_" & $C12 & ": return " & "{" & _xlfn.TEXTJOIN(", ", TRUE, _xlfn.XLOOKUP(--TRIM(P12:S12), --Mapping!$A$2:$A$6, Mapping!$B$2:$B$6)) & "}" & "; // " & P12 & ", " & Q12 & ", " & R12 & ", " & S12} -> 9'b111_001000: return {3'b000, 3'b001, 3'b000, 3'b110}; // 0, +1, 0, -2
A13: Normal 001001 -2, 0, 0,-1 -2, 0,+1,-2 -2,+1,+1,-1 -2,+1, 0,-2 | B13: Normal | C13: 001001 | D13: -2 | E13: 0 | F13: 0 | G13: -1 | H13: -2 | I13: 0 | J13: +1 | K13: -2 | L13: -2 | M13: +1 | N13: +1 | O13: -1 | P13: -2 | Q13: +1 | R13: 0 | S13: -2 | T13: {="9'b" & _xlfn.XLOOKUP(TRIM(D$3)&"", Mapping!$D$2:$D$9&"", Mapping!$E$2:$E$9, "NOT_FOUND") & "_" & $C13 & ": return {" & _xlfn.TEXTJOIN(", ", TRUE, _xlfn.XLOOKUP(TRIM(D13:G13)&"", Mapping!$A$2:$A$6&"", Mapping!$B$2:$B$6, "NOT_FOUND")) & "}; // " & D13 & ", " & E13 & ", " & F13 & ", " & G13} -> 9'b100_001001: return {3'b110, 3'b000, 3'b000, 3'b111}; // -2, 0, 0, -1 | U13: {="9'b"& _xlfn.XLOOKUP(--TRIM(H$3),--Mapping!$D$2:$D$9,Mapping!$E$2:$E$9) & "_" & $C13 & ": return " & "{" & _xlfn.TEXTJOIN(", ", TRUE, _xlfn.XLOOKUP(--TRIM(H13:K13), --Mapping!$A$2:$A$6, Mapping!$B$2:$B$6)) & "}" & "; // " & H13 & ", " & I13 & ", " & J13 & ", " & K13} -> 9'b110_001001: return {3'b110, 3'b000, 3'b001, 3'b110}; // -2, 0, +1, -2 | V13: {="9'b"& _xlfn.XLOOKUP(--TRIM(L$3),--Mapping!$D$2:$D$9,Mapping!$E$2:$E$9) & "_" & $C13 & ": return " & "{" & _xlfn.TEXTJOIN(", ", TRUE, _xlfn.XLOOKUP(--TRIM(L13:O13), --Mapping!$A$2:$A$6, Mapping!$B$2:$B$6)) & "}" & "; // " & L13 & ", " & M13 & ", " & N13 & ", " & O13} -> 9'b101_001001: return {3'b110, 3'b001, 3'b001, 3'b111}; // -2, +1, +1, -1 | W13: {="9'b"& _xlfn.XLOOKUP(--TRIM(P$3),--Mapping!$D$2:$D$9,Mapping!$E$2:$E$9) & "_" & $C13 & ": return " & "{" & _xlfn.TEXTJOIN(", ", TRUE, _xlfn.XLOOKUP(--TRIM(P13:S13), --Mapping!$A$2:$A$6, Mapping!$B$2:$B$6)) & "}" & "; // " & P13 & ", " & Q13 & ", " & R13 & ", " & S13} -> 9'b111_001001: return {3'b110, 3'b001, 3'b000, 3'b110}; // -2, +1, 0, -2
A14: Normal 001010 0,-2, 0,-1 0,-2,+1,-2 0,-1,+1,-1 0,-1, 0,-2 | B14: Normal | C14: 001010 | D14: 0 | E14: -2 | F14: 0 | G14: -1 | H14: 0 | I14: -2 | J14: +1 | K14: -2 | L14: 0 | M14: -1 | N14: +1 | O14: -1 | P14: 0 | Q14: -1 | R14: 0 | S14: -2 | T14: {="9'b" & _xlfn.XLOOKUP(TRIM(D$3)&"", Mapping!$D$2:$D$9&"", Mapping!$E$2:$E$9, "NOT_FOUND") & "_" & $C14 & ": return {" & _xlfn.TEXTJOIN(", ", TRUE, _xlfn.XLOOKUP(TRIM(D14:G14)&"", Mapping!$A$2:$A$6&"", Mapping!$B$2:$B$6, "NOT_FOUND")) & "}; // " & D14 & ", " & E14 & ", " & F14 & ", " & G14} -> 9'b100_001010: return {3'b000, 3'b110, 3'b000, 3'b111}; // 0, -2, 0, -1 | U14: {="9'b"& _xlfn.XLOOKUP(--TRIM(H$3),--Mapping!$D$2:$D$9,Mapping!$E$2:$E$9) & "_" & $C14 & ": return " & "{" & _xlfn.TEXTJOIN(", ", TRUE, _xlfn.XLOOKUP(--TRIM(H14:K14), --Mapping!$A$2:$A$6, Mapping!$B$2:$B$6)) & "}" & "; // " & H14 & ", " & I14 & ", " & J14 & ", " & K14} -> 9'b110_001010: return {3'b000, 3'b110, 3'b001, 3'b110}; // 0, -2, +1, -2 | V14: {="9'b"& _xlfn.XLOOKUP(--TRIM(L$3),--Mapping!$D$2:$D$9,Mapping!$E$2:$E$9) & "_" & $C14 & ": return " & "{" & _xlfn.TEXTJOIN(", ", TRUE, _xlfn.XLOOKUP(--TRIM(L14:O14), --Mapping!$A$2:$A$6, Mapping!$B$2:$B$6)) & "}" & "; // " & L14 & ", " & M14 & ", " & N14 & ", " & O14} -> 9'b101_001010: return {3'b000, 3'b111, 3'b001, 3'b111}; // 0, -1, +1, -1 | W14: {="9'b"& _xlfn.XLOOKUP(--TRIM(P$3),--Mapping!$D$2:$D$9,Mapping!$E$2:$E$9) & "_" & $C14 & ": return " & "{" & _xlfn.TEXTJOIN(", ", TRUE, _xlfn.XLOOKUP(--TRIM(P14:S14), --Mapping!$A$2:$A$6, Mapping!$B$2:$B$6)) & "}" & "; // " & P14 & ", " & Q14 & ", " & R14 & ", " & S14} -> 9'b111_001010: return {3'b000, 3'b111, 3'b000, 3'b110}; // 0, -1, 0, -2
A15: Normal 001011 -2,-2, 0,-1 -2,-2,+1,-2 -2,-1,+1,-1 -2,-1, 0,-2 | B15: Normal | C15: 001011 | D15: -2 | E15: -2 | F15: 0 | G15: -1 | H15: -2 | I15: -2 | J15: +1 | K15: -2 | L15: -2 | M15: -1 | N15: +1 | O15: -1 | P15: -2 | Q15: -1 | R15: 0 | S15: -2 | T15: {="9'b" & _xlfn.XLOOKUP(TRIM(D$3)&"", Mapping!$D$2:$D$9&"", Mapping!$E$2:$E$9, "NOT_FOUND") & "_" & $C15 & ": return {" & _xlfn.TEXTJOIN(", ", TRUE, _xlfn.XLOOKUP(TRIM(D15:G15)&"", Mapping!$A$2:$A$6&"", Mapping!$B$2:$B$6, "NOT_FOUND")) & "}; // " & D15 & ", " & E15 & ", " & F15 & ", " & G15} -> 9'b100_001011: return {3'b110, 3'b110, 3'b000, 3'b111}; // -2, -2, 0, -1 | U15: {="9'b"& _xlfn.XLOOKUP(--TRIM(H$3),--Mapping!$D$2:$D$9,Mapping!$E$2:$E$9) & "_" & $C15 & ": return " & "{" & _xlfn.TEXTJOIN(", ", TRUE, _xlfn.XLOOKUP(--TRIM(H15:K15), --Mapping!$A$2:$A$6, Mapping!$B$2:$B$6)) & "}" & "; // " & H15 & ", " & I15 & ", " & J15 & ", " & K15} -> 9'b110_001011: return {3'b110, 3'b110, 3'b001, 3'b110}; // -2, -2, +1, -2 | V15: {="9'b"& _xlfn.XLOOKUP(--TRIM(L$3),--Mapping!$D$2:$D$9,Mapping!$E$2:$E$9) & "_" & $C15 & ": return " & "{" & _xlfn.TEXTJOIN(", ", TRUE, _xlfn.XLOOKUP(--TRIM(L15:O15), --Mapping!$A$2:$A$6, Mapping!$B$2:$B$6)) & "}" & "; // " & L15 & ", " & M15 & ", " & N15 & ", " & O15} -> 9'b101_001011: return {3'b110, 3'b111, 3'b001, 3'b111}; // -2, -1, +1, -1 | W15: {="9'b"& _xlfn.XLOOKUP(--TRIM(P$3),--Mapping!$D$2:$D$9,Mapping!$E$2:$E$9) & "_" & $C15 & ": return " & "{" & _xlfn.TEXTJOIN(", ", TRUE, _xlfn.XLOOKUP(--TRIM(P15:S15), --Mapping!$A$2:$A$6, Mapping!$B$2:$B$6)) & "}" & "; // " & P15 & ", " & Q15 & ", " & R15 & ", " & S15} -> 9'b111_001011: return {3'b110, 3'b111, 3'b000, 3'b110}; // -2, -1, 0, -2
... A67: Normal 111111 -1,-1,-1,+2 -2,-2,-1,+2 -1,-2,-2,+2 -2,-1,-2,+2 | B67: Normal | C67: 111111 | D67: -1 | E67: -1 | F67: -1 | G67: +2 | H67: -2 | I67: -2 | J67: -1 | K67: +2 | L67: -1 | M67: -2 | N67: -2 | O67: +2 | P67: -2 | Q67: -1 | R67: -2 | S67: +2 | T67: {="9'b" & _xlfn.XLOOKUP(TRIM(D$3)&"", Mapping!$D$2:$D$9&"", Mapping!$E$2:$E$9, "NOT_FOUND") & "_" & $C67 & ": return {" & _xlfn.TEXTJOIN(", ", TRUE, _xlfn.XLOOKUP(TRIM(D67:G67)&"", Mapping!$A$2:$A$6&"", Mapping!$B$2:$B$6, "NOT_FOUND")) & "}; // " & D67 & ", " & E67 & ", " & F67 & ", " & G67} -> 9'b100_111111: return {3'b111, 3'b111, 3'b111, 3'b010}; // -1, -1, -1, +2 | U67: {="9'b"& _xlfn.XLOOKUP(--TRIM(H$3),--Mapping!$D$2:$D$9,Mapping!$E$2:$E$9) & "_" & $C67 & ": return " & "{" & _xlfn.TEXTJOIN(", ", TRUE, _xlfn.XLOOKUP(--TRIM(H67:K67), --Mapping!$A$2:$A$6, Mapping!$B$2:$B$6)) & "}" & "; // " & H67 & ", " & I67 & ", " & J67 & ", " & K67} -> 9'b110_111111: return {3'b110, 3'b110, 3'b111, 3'b010}; // -2, -2, -1, +2 | V67: {="9'b"& _xlfn.XLOOKUP(--TRIM(L$3),--Mapping!$D$2:$D$9,Mapping!$E$2:$E$9) & "_" & $C67 & ": return " & "{" & _xlfn.TEXTJOIN(", ", TRUE, _xlfn.XLOOKUP(--TRIM(L67:O67), --Mapping!$A$2:$A$6, Mapping!$B$2:$B$6)) & "}" & "; // " & L67 & ", " & M67 & ", " & N67 & ", " & O67} -> 9'b101_111111: return {3'b111, 3'b110, 3'b110, 3'b010}; // -1, -2, -2, +2 | W67: {="9'b"& _xlfn.XLOOKUP(--TRIM(P$3),--Mapping!$D$2:$D$9,Mapping!$E$2:$E$9) & "_" & $C67 & ": return " & "{" & _xlfn.TEXTJOIN(", ", TRUE, _xlfn.XLOOKUP(--TRIM(P67:S67), --Mapping!$A$2:$A$6, Mapping!$B$2:$B$6)) & "}" & "; // " & P67 & ", " & Q67 & ", " & R67 & ", " & S67} -> 9'b111_111111: return {3'b110, 3'b111, 3'b110, 3'b010}; // -2, -1, -2, +2
A68: xmt_err XXXXXX +2,+2, 0,+1 0,+2,+1,+2 +1,+2,+2, 0 +2,+1,+2, 0 | B68: xmt_err | C68: XXXXXX | D68: +2 | E68: +2 | F68: 0 | G68: +1 | H68: 0 | I68: +2 | J68: +1 | K68: +2 | L68: +1 | M68: +2 | N68: +2 | O68: 0 | P68: +2 | Q68: +1 | R68: +2 | S68: 0
A69: CSExtend_Err XXXXXX +2,+2,-2,-1 -2,+2,-1,+2 -1,+2,+2,-2 +2,-1,+2,-2 | B69: CSExtend_Err | C69: XXXXXX | D69: +2 | E69: +2 | F69: -2 | G69: -1 | H69: -2 | I69: +2 | J69: -1 | K69: +2 | L69: -1 | M69: +2 | N69: +2 | O69: -2 | P69: +2 | Q69: -1 | R69: +2 | S69: -2
A70: CSExtend XXXXXX +2, 0,+2,+1 +2, 0,+1,+2 +1, 0,+2,+2 +2,+1, 0,+2 | B70: CSExtend | C70: XXXXXX | D70: +2 | E70: 0 | F70: +2 | G70: +1 | H70: +2 | I70: 0 | J70: +1 | K70: +2 | L70: +1 | M70: 0 | N70: +2 | O70: +2 | P70: +2 | Q70: +1 | R70: 0 | S70: +2
A71: CSReset XXXXXX +2,-2,+2,-1 +2,-2,-1,+2 -1,-2,+2,+2 +2,-1,-2,+2 | B71: CSReset | C71: XXXXXX | D71: +2 | E71: -2 | F71: +2 | G71: -1 | H71: +2 | I71: -2 | J71: -1 | K71: +2 | L71: -1 | M71: -2 | N71: +2 | O71: +2 | P71: +2 | Q71: -1 | R71: -2 | S71: +2 | T71: {="3'b"& _xlfn.XLOOKUP(--TRIM(D$3),--Mapping!$D$2:$D$9,Mapping!$E$2:$E$9) & ": return " & "{" & _xlfn.TEXTJOIN(", ", TRUE, _xlfn.XLOOKUP(--TRIM(D71:G71), --Mapping!$A$2:$A$6, Mapping!$B$2:$B$6)) & "}" & "; // " & D71 & ", " & E71 & ", " & F71 & ", " & G71} -> 3'b100: return {3'b010, 3'b110, 3'b010, 3'b111}; // +2, -2, +2, -1 | U71: {="3'b"& _xlfn.XLOOKUP(--TRIM(H$3),--Mapping!$D$2:$D$9,Mapping!$E$2:$E$9) & ": return " & "{" & _xlfn.TEXTJOIN(", ", TRUE, _xlfn.XLOOKUP(--TRIM(H71:K71), --Mapping!$A$2:$A$6, Mapping!$B$2:$B$6)) & "}" & "; // " & H71 & ", " & I71 & ", " & J71 & ", " & K71} -> 3'b110: return {3'b010, 3'b110, 3'b111, 3'b010}; // +2, -2, -1, +2 | V71: {="3'b"& _xlfn.XLOOKUP(--TRIM(L$3),--Mapping!$D$2:$D$9,Mapping!$E$2:$E$9) & ": return " & "{" & _xlfn.TEXTJOIN(", ", TRUE, _xlfn.XLOOKUP(--TRIM(L71:O71), --Mapping!$A$2:$A$6, Mapping!$B$2:$B$6)) & "}" & "; // " & L71 & ", " & M71 & ", " & N71 & ", " & O71} -> 3'b101: return {3'b111, 3'b110, 3'b010, 3'b010}; // -1, -2, +2, +2 | W71: {="3'b"& _xlfn.XLOOKUP(--TRIM(P$3),--Mapping!$D$2:$D$9,Mapping!$E$2:$E$9) & ": return " & "{" & _xlfn.TEXTJOIN(", ", TRUE, _xlfn.XLOOKUP(--TRIM(P71:S71), --Mapping!$A$2:$A$6, Mapping!$B$2:$B$6)) & "}" & "; // " & P71 & ", " & Q71 & ", " & R71 & ", " & S71} -> 3'b111: return {3'b010, 3'b111, 3'b110, 3'b010}; // +2, -1, -2, +2

Sheet Mapping
A1: Value | B1: Mapping | D1: Value | E1: Mapping
A2: +2 | B2: 3'b010 | D2: 000 | E2: 000
A3: +1 | B3: 3'b001 | D3: 010 | E3: 010
A4: 0 | B4: 3'b000 | D4: 100 | E4: 001
A5: -1 | B5: 3'b111 | D5: 110 | E5: 011
A6: -2 | B6: 3'b110 | D6: 001 | E6: 100
D7: 011 | E7: 110
D8: 101 | E8: 101
D9: 111 | E9: 111
